<?xml version="1.0" encoding="UTF-8"?>
<project-private xmlns="http://www.netbeans.org/ns/project-private/1">
    <editor-bookmarks xmlns="http://www.netbeans.org/ns/editor-bookmarks/2" lastBookmarkId="0"/>
    <open-files xmlns="http://www.netbeans.org/ns/projectui-open-files/2">
        <group>
            <file>file:/C:/Users/modes/Documents/NetBeansProjects/KI204DZ08/src/java/com/dz08/jsonpmodelapibean/JsonPModelApiBean.java</file>
            <file>file:/C:/Users/modes/Documents/NetBeansProjects/KI204DZ08/web/object_to_json_m.xhtml</file>
            <file>file:/C:/Users/modes/Documents/NetBeansProjects/KI204DZ08/web/index.xhtml</file>
            <file>file:/C:/Users/modes/Documents/NetBeansProjects/KI204DZ08/web/generisan_json.xhtml</file>
            <file>file:/C:/Users/modes/Documents/NetBeansProjects/KI204DZ08/src/java/com/dz08/jsonpmodelapibean/Osoba.java</file>
        </group>
    </open-files>
</project-private>
