<?xml version="1.0" encoding="UTF-8"?>
<project-private xmlns="http://www.netbeans.org/ns/project-private/1">
    <editor-bookmarks xmlns="http://www.netbeans.org/ns/editor-bookmarks/2" lastBookmarkId="0"/>
    <open-files xmlns="http://www.netbeans.org/ns/projectui-open-files/2">
        <group>
            <file>file:/C:/Users/modes/Documents/NetBeansProjects/KI204DZ05/web/JSClients/RestClientProductlines.js</file>
            <file>file:/C:/Users/modes/Documents/NetBeansProjects/KI204DZ05/web/JSClients/RestClientEmployees.js</file>
            <file>file:/C:/Users/modes/Documents/NetBeansProjects/KI204DZ05/web/CustomersCRUD.html</file>
            <file>file:/C:/Users/modes/Documents/NetBeansProjects/KI204DZ05/web/JSClients/RestClientOrderdetails.js</file>
            <file>file:/C:/Users/modes/Documents/NetBeansProjects/KI204DZ05/web/JSClients/RestClientOrders.js</file>
            <file>file:/C:/Users/modes/Documents/NetBeansProjects/KI204DZ05/web/JSClients/RestClientProducts.js</file>
            <file>file:/C:/Users/modes/Documents/NetBeansProjects/KI204DZ05/web/JSClients/RestClientCustomers.js</file>
            <file>file:/C:/Users/modes/Documents/NetBeansProjects/KI204DZ05/web/JSClients/RestClientOffices.js</file>
            <file>file:/C:/Users/modes/Documents/NetBeansProjects/KI204DZ05/web/JSClients/RestClientPayments.js</file>
        </group>
    </open-files>
</project-private>
