<?xml version="1.0" encoding="UTF-8"?>
<project-private xmlns="http://www.netbeans.org/ns/project-private/1">
    <editor-bookmarks xmlns="http://www.netbeans.org/ns/editor-bookmarks/2" lastBookmarkId="0"/>
    <open-files xmlns="http://www.netbeans.org/ns/projectui-open-files/2">
        <group>
            <file>file:/C:/Users/modes/Documents/NetBeansProjects/KI204DZ09Socket/src/java/com/dz09/websocket/Person.java</file>
            <file>file:/C:/Users/modes/Documents/NetBeansProjects/KI204DZ09Socket/web/index.xhtml</file>
            <file>file:/C:/Users/modes/Documents/NetBeansProjects/KI204DZ09Socket/web/confirmation.xhtml</file>
            <file>file:/C:/Users/modes/Documents/NetBeansProjects/KI204DZ09Socket/src/java/com/dz09/websocket/DefaultDataEndpoint.java</file>
        </group>
    </open-files>
</project-private>
